timestamp,agent,student_message,raw_output,valid,parsed_state,error
2026-08-08 12:12:07,skill_identifier,I don't understand why my for loop never terminates.,"Here is the output JSON object:

```
{
  ""student_id"": ""12345"",
  ""current_topic"": ""Loops"",
  ""skill_level"": ""Intermediate"",
  ""misconceptions"": [""loop termination condition""],
  ""hint_stage"": ""Early"",
  ""mastery_score"": 0.4
}
```",False,,"1 validation error for CognitiveState
  Invalid JSON: expected value at line 1 column 1 [type=json_invalid, input_value='Here is the output JSON ...ery_score"": 0.4\n}\n```', input_type=str]
    For further information visit https://errors.pydantic.dev/2.13/v/json_invalid"
2026-08-08 12:12:14,skill_identifier,What's the difference between a list and a tuple?,"Here is the output JSON object:

```
{
  ""student_id"": ""123456"",
  ""current_topic"": ""Python Data Structures"",
  ""skill_level"": ""Beginner"",
  ""misconceptions"": [""Confusing lists and tuples""],
  ""hint_stage"": ""Stage 1"",
  ""mastery_score"": 0.5
}
```",False,,"1 validation error for CognitiveState
  Invalid JSON: expected value at line 1 column 1 [type=json_invalid, input_value='Here is the output JSON ...ery_score"": 0.5\n}\n```', input_type=str]
    For further information visit https://errors.pydantic.dev/2.13/v/json_invalid"
2026-08-08 12:12:21,skill_identifier,My recursive function keeps hitting max recursion depth.,"Here is the JSON object with the requested fields:

```
{
  ""student_id"": ""12345"",
  ""current_topic"": ""Recursion in Programming"",
  ""skill_level"": ""Intermediate"",
  ""misconceptions"": [""inadequate base case"", ""inadequate termination condition""],
  ""hint_stage"": ""Stage 2: Debugging"",
  ""mastery_score"": 60
}
```",False,,"1 validation error for CognitiveState
  Invalid JSON: expected value at line 1 column 1 [type=json_invalid, input_value='Here is the JSON object ...tery_score"": 60\n}\n```', input_type=str]
    For further information visit https://errors.pydantic.dev/2.13/v/json_invalid"
